Employee id,First Name,Last Name,Email,Date of Birth
E101,John,Doe,john.doe@example.com,1985-03-14
E102,Jane,Smith,jane.smith@example.com,1992-07-21
E103,Bob,Johnson,bob.johnson@example.com,1989-10-03
E104,Alice,Brown,alice.brown@example.com,1990-12-09
E105,Charlie,Wilson,charlie.wilson@example.com,1987-06-15
E106,David,Moore,david.moore@example.com,1983-09-22
E107,Emma,Taylor,emma.taylor@example.com,1995-04-02
E108,Frank,Anderson,frank.anderson@example.com,1991-11-11
E109,Grace,Thomas,grace.thomas@example.com,1988-08-18
E110,Hannah,Jackson,hannah.jackson@example.com,1993-01-25
E111,Jack,White,jack.white@example.com,1996-03-08
E112,Olivia,Lee,olivia.lee@example.com,1994-05-30
E113,Oscar,Martinez,oscar.martinez@example.com,1990-02-17
E114,Pete,Garcia,pete.garcia@example.com,1986-07-06
E115,Quincy,Roberts,quincy.roberts@example.com,1992-12-19
E116,Rachel,Wright,rachel.wright@example.com,1994-09-02
E117,Steven,Hall,steven.hall@example.com,1984-04-23
E118,Tina,Young,tina.young@example.com,1995-10-14
E119,Uma,Hernandez,uma.hernandez@example.com,1991-05-30
E120,Victor,King,victor.king@example.com,1987-01-17
E121,William,Scott,william.scott@example.com,1989-12-01
E122,Zoe,Adams,zoe.adams@example.com,1993-08-25
E123,Amelia,Robinson,amelia.robinson@example.com,1990-06-13
E124,Brandon,Clark,brandon.clark@example.com,1985-11-20
E125,Catherine,Walker,catherine.walker@example.com,1988-02-04
E126,Daniel,Allen,daniel.allen@example.com,1994-09-12
E127,Eva,Lopez,eva.lopez@example.com,1992-05-25
E128,Frederick,Harris,frederick.harris@example.com,1991-10-18
E129,Grace,King,grace.king@example.com,1996-07-21
E130,Hunter,Lewis,hunter.lewis@example.com,1989-03-19
E131,Ivy,Scott,ivy.scott@example.com,1994-12-30
E132,James,Morris,james.morris@example.com,1991-04-22
E133,Katherine,Walker,katherine.walker@example.com,1987-09-04
E134,Liam,Roberts,liam.roberts@example.com,1992-01-10
E135,Monica,Evans,monica.evans@example.com,1995-11-08
E136,Nathan,Green,nathan.green@example.com,1983-07-24
E137,Olivia,Adams,olivia.adams@example.com,1990-11-17
E138,Paul,Wilson,paul.wilson@example.com,1984-02-21
E139,Quinn,Jackson,quinn.jackson@example.com,1995-06-03
E140,Rachel,Roberts,rachel.roberts@example.com,1993-04-10
E141,Sam,Brown,sam.brown@example.com,1987-10-06
E142,Travis,Harris,travis.harris@example.com,1989-07-18
E143,Uma,Evans,uma.evans@example.com,1996-01-15
E144,Victor,Lopez,victor.lopez@example.com,1991-12-12
E145,William,Martinez,william.martinez@example.com,1985-05-26
E146,Alexa,Gonzalez,alexa.gonzalez@example.com,1993-11-14
E147,Betty,Lee,betty.lee@example.com,1989-09-02
E148,Charlie,Miller,charlie.miller@example.com,1994-04-09
E149,Diana,Moore,diana.moore@example.com,1991-08-17
E150,Edward,Clark,edward.clark@example.com,1996-02-06
E151,Faith,Adams,faith.adams@example.com,1983-10-13
E152,George,Wilson,george.wilson@example.com,1986-03-20
E153,Hannah,Young,hannah.young@example.com,1990-05-07
E154,Isla,Roberts,isla.roberts@example.com,1994-10-24
E155,Jack,Evans,jack.evans@example.com,1988-09-29
E156,Kimberly,Lee,kimberly.lee@example.com,1995-12-14
E157,Lewis,Clark,lewis.clark@example.com,1987-11-19
E158,Monica,Lopez,monica.lopez@example.com,1993-02-10
E159,Nina,Scott,nina.scott@example.com,1992-08-27
E160,Oscar,Adams,oscar.adams@example.com,1989-01-13
E161,Patricia,Green,patricia.green@example.com,1986-06-30
E162,Quincy,Young,quincy.young@example.com,1996-04-11
E163,Rebecca,Harris,rebecca.harris@example.com,1991-03-23
E164,Steven,Jackson,steven.jackson@example.com,1995-01-19
E165,Theresa,Lee,theresa.lee@example.com,1984-09-04
E166,Uma,Wilson,uma.wilson@example.com,1989-05-27
E167,Victor,Morris,victor.morris@example.com,1991-06-05
E168,William,Adams,william.adams@example.com,1992-02-14
E169,Xander,Johnson,xander.johnson@example.com,1987-08-22
E170,Yara,Smith,yara.smith@example.com,1994-07-11
E171,Zane,Lopez,zane.lopez@example.com,1988-04-16
E172,Amelia,Moore,amelia.moore@example.com,1993-05-04
E173,Benjamin,Evans,benjamin.evans@example.com,1990-12-23
E174,Carlos,Martinez,carlos.martinez@example.com,1994-09-08
E175,Diana,Roberts,diana.roberts@example.com,1991-04-15
E176,Edward,Wilson,edward.wilson@example.com,1985-02-10
E177,Faith,Morris,faith.morris@example.com,1989-07-28
E178,Gary,Young,gary.young@example.com,1996-06-18
E179,Hannah,Martinez,hannah.martinez@example.com,1992-01-31
E180,Isla,Wilson,isla.wilson@example.com,1986-10-05
E181,Jack,Adams,jack.adams@example.com,1991-02-01
E182,Kimberly,Smith,kimberly.smith@example.com,1994-05-23
E183,Lewis,Wilson,lewis.wilson@example.com,1995-09-13
E184,Monica,Martinez,monica.martinez@example.com,1993-07-29
E185,Nick,Jackson,nick.jackson@example.com,1990-11-22
E186,Olivia,Young,olivia.young@example.com,1987-03-14
E187,Peter,Lee,peter.lee@example.com,1989-08-16
E188,Quincy,Martinez,quincy.martinez@example.com,1996-01-04
E189,Rebecca,Morris,rebecca.morris@example.com,1992-04-12
E190,Steven,Roberts,steven.roberts@example.com,1988-12-27